499,499,7 
498,499,5 
498,498,3 
497,498,8 
497,497,1 
497,496,2 
497,495,5 
497,494,3 
496,494,5 
495,494,9 
495,493,2 
495,492,8 
495,491,7 
495,490,2 
494,490,1 
493,490,6 
492,490,1 
492,489,2 
492,488,9 
492,487,6 
491,487,2 
491,486,3 
490,486,1 
490,485,2 
490,484,9 
490,483,3 
490,482,6 
489,482,2 
489,481,1 
489,480,3 
489,479,6 
488,479,1 
488,478,2 
487,478,3 
486,478,2 
486,477,4 
486,476,3 
485,476,2 
485,475,2 
485,474,7 
485,473,8 
485,472,3 
485,471,5 
485,470,7 
485,469,7 
485,468,1 
485,467,4 
484,467,3 
484,466,4 
483,466,5 
483,465,4 
482,465,5 
481,465,1 
481,464,7 
481,463,1 
481,462,3 
481,461,3 
481,460,6 
480,460,2 
480,459,1 
480,458,2 
480,457,3 
479,457,4 
478,457,2 
477,457,6 
477,456,3 
477,455,8 
476,455,1 
475,455,4 
474,455,2 
474,454,5 
474,453,3 
473,453,4 
472,453,1 
471,453,3 
471,452,4 
470,452,6 
469,452,1 
468,452,1 
467,452,6 
466,452,3 
465,452,8 
465,451,1 
465,450,2 
464,450,3 
463,450,4 
463,449,4 
463,448,1 
463,447,1 
462,447,1 
461,447,2 
460,447,3 
460,446,1 
459,446,3 
458,446,7 
457,446,1 
456,446,7 
455,446,1 
454,446,1 
453,446,4 
453,445,3 
452,445,5 
452,444,5 
451,444,4 
451,443,2 
450,443,4 
449,443,1 
448,443,2 
447,443,8 
446,443,1 
446,442,4 
446,441,1 
445,441,1 
445,440,5 
445,439,2 
445,438,1 
444,438,2 
444,437,3 
444,436,3 
444,435,5 
443,435,6 
443,434,5 
442,434,4 
441,434,3 
441,433,3 
441,432,4 
441,431,5 
441,430,6 
440,430,1 
440,429,1 
440,428,6 
440,427,4 
440,426,5 
439,426,7 
438,426,4 
438,425,5 
437,425,3 
437,424,6 
436,424,2 
435,424,5 
435,423,1 
434,423,2 
433,423,5 
432,423,9 
431,423,2 
430,423,3 
430,422,3 
430,421,7 
430,420,5 
429,420,2 
429,419,8 
429,418,1 
428,418,2 
428,417,2 
428,416,1 
427,416,1 
426,416,9 
425,416,3 
424,416,1 
423,416,1 
423,415,4 
423,414,1 
423,413,1 
422,413,3 
421,413,8 
421,412,1 
421,411,2 
421,410,3 
421,409,8 
421,408,1 
420,408,7 
419,408,6 
419,407,8 
419,406,4 
419,405,1 
418,405,4 
418,404,1 
418,403,2 
418,402,7 
418,401,2 
418,400,2 
418,399,5 
418,398,4 
417,398,1 
417,397,1 
416,397,1 
415,397,1 
415,396,1 
414,396,2 
413,396,8 
412,396,5 
411,396,1 
411,395,3 
410,395,5 
410,394,5 
410,393,1 
409,393,1 
409,392,1 
409,391,5 
409,390,1 
408,390,5 
408,389,4 
407,389,1 
407,388,4 
407,387,6 
407,386,7 
407,385,1 
406,385,1 
405,385,4 
404,385,8 
403,385,1 
402,385,6 
402,384,1 
402,383,2 
402,382,2 
401,382,3 
400,382,2 
399,382,4 
398,382,4 
398,381,4 
398,380,1 
398,379,3 
397,379,4 
397,378,2 
397,377,4 
396,377,2 
395,377,7 
394,377,1 
393,377,1 
392,377,9 
391,377,2 
390,377,3 
390,376,3 
390,375,2 
390,374,4 
390,373,1 
389,373,6 
389,372,1 
389,371,2 
388,371,4 
388,370,3 
388,369,6 
388,368,5 
387,368,1 
386,368,1 
386,367,4 
385,367,2 
384,367,1 
384,366,2 
383,366,3 
383,365,2 
382,365,3 
382,364,6 
381,364,5 
380,364,1 
379,364,2 
379,363,5 
379,362,5 
379,361,5 
379,360,5 
378,360,1 
377,360,5 
376,360,2 
375,360,2 
374,360,8 
373,360,4 
372,360,1 
372,359,1 
371,359,1 
370,359,6 
370,358,6 
369,358,1 
368,358,3 
368,357,2 
367,357,3 
366,357,2 
365,357,6 
364,357,5 
364,356,7 
363,356,6 
363,355,2 
363,354,6 
362,354,1 
362,353,2 
362,352,1 
362,351,2 
361,351,1 
360,351,9 
360,350,3 
359,350,5 
359,349,6 
358,349,1 
357,349,1 
356,349,3 
355,349,3 
355,348,2 
355,347,5 
354,347,2 
353,347,3 
353,346,2 
353,345,1 
352,345,3 
352,344,3 
352,343,6 
352,342,4 
351,342,6 
351,341,4 
351,340,3 
350,340,2 
349,340,1 
348,340,2 
348,339,3 
348,338,7 
348,337,1 
347,337,5 
346,337,7 
345,337,1 
344,337,1 
344,336,1 
344,335,3 
343,335,4 
343,334,3 
342,334,2 
341,334,1 
341,333,1 
341,332,2 
341,331,3 
341,330,4 
341,329,8 
341,328,7 
340,328,4 
340,327,2 
340,326,3 
339,326,5 
338,326,2 
337,326,4 
336,326,3 
335,326,4 
334,326,1 
334,325,6 
333,325,2 
332,325,6 
332,324,1 
331,324,5 
330,324,6 
330,323,1 
330,322,1 
330,321,5 
329,321,5 
328,321,3 
327,321,2 
327,320,4 
326,320,7 
325,320,2 
325,319,5 
324,319,1 
324,318,2 
323,318,1 
323,317,5 
322,317,1 
322,316,1 
322,315,3 
321,315,3 
320,315,1 
319,315,3 
318,315,6 
317,315,1 
316,315,6 
315,315,3 
314,315,2 
313,315,1 
312,315,6 
312,314,6 
311,314,6 
311,313,2 
311,312,7 
311,311,2 
311,310,1 
310,310,1 
310,309,3 
309,309,1 
309,308,2 
308,308,1 
307,308,2 
306,308,4 
305,308,6 
305,307,6 
304,307,6 
303,307,3 
302,307,1 
302,308,1 
301,308,3 
300,308,5 
299,308,3 
298,308,3 
297,308,7 
296,308,1 
295,308,3 
295,307,4 
294,307,2 
294,306,3 
293,306,1 
292,306,5 
291,306,2 
290,306,5 
289,306,3 
288,306,1 
287,306,1 
286,306,5 
285,306,5 
284,306,5 
283,306,3 
282,306,2 
282,305,1 
282,304,1 
281,304,1 
280,304,6 
280,303,2 
279,303,3 
278,303,2 
277,303,1 
277,302,3 
276,302,1 
276,301,1 
276,300,4 
275,300,5 
275,299,4 
275,298,1 
275,297,1 
274,297,4 
273,297,1 
273,296,4 
273,295,2 
273,294,1 
272,294,3 
271,294,1 
270,294,3 
269,294,7 
268,294,1 
267,294,2 
266,294,5 
266,293,2 
265,293,5 
264,293,2 
263,293,4 
262,293,4 
262,292,4 
261,292,4 
260,292,4 
259,292,5 
258,292,2 
257,292,1 
256,292,5 
256,291,1 
255,291,1 
255,290,5 
254,290,4 
253,290,3 
253,289,2 
252,289,4 
251,289,1 
250,289,4 
249,289,3 
248,289,4 
247,289,2 
246,289,3 
245,289,4 
244,289,8 
243,289,4 
242,289,2 
241,289,4 
240,289,3 
240,288,2 
240,287,4 
239,287,2 
238,287,2 
238,286,1 
237,286,5 
237,285,2 
237,284,2 
236,284,4 
235,284,4 
234,284,4 
233,284,3 
232,284,4 
231,284,1 
231,283,5 
230,283,1 
229,283,4 
228,283,2 
228,282,1 
227,282,4 
226,282,2 
225,282,1 
224,282,4 
223,282,1 
223,281,1 
222,281,1 
222,280,4 
222,279,1 
222,278,4 
222,277,5 
222,276,2 
222,275,5 
221,275,2 
221,274,1 
221,273,4 
221,272,1 
220,272,1 
220,271,4 
220,270,4 
219,270,1 
218,270,3 
217,270,5 
216,270,2 
216,269,2 
216,268,3 
216,267,4 
216,266,2 
215,266,5 
215,265,2 
215,264,1 
215,263,2 
214,263,2 
214,262,6 
214,261,3 
214,260,2 
213,260,1 
213,259,2 
213,258,4 
213,257,4 
213,256,4 
213,255,4 
213,254,1 
212,254,4 
211,254,1 
210,254,1 
209,254,5 
208,254,1 
207,254,5 
206,254,1 
205,254,4 
204,254,5 
203,254,1 
203,253,1 
202,253,4 
201,253,1 
200,253,2 
199,253,2 
198,253,2 
197,253,1 
196,253,2 
195,253,1 
194,253,4 
193,253,3 
192,253,5 
191,253,8 
190,253,1 
190,252,1 
189,252,1 
189,251,1 
188,251,1 
188,250,1 
187,250,2 
187,249,2 
186,249,1 
185,249,7 
184,249,1 
183,249,1 
183,248,2 
182,248,3 
181,248,3 
180,248,3 
179,248,2 
178,248,3 
177,248,5 
176,248,3 
176,247,3 
176,246,2 
176,245,3 
175,245,1 
175,244,2 
175,243,2 
174,243,2 
174,242,7 
173,242,4 
173,241,2 
173,240,3 
173,239,3 
172,239,4 
172,238,3 
172,237,2 
171,237,2 
171,236,4 
171,235,1 
170,235,2 
169,235,1 
169,234,2 
168,234,1 
167,234,4 
167,233,4 
167,232,1 
167,231,3 
167,230,3 
167,229,3 
167,228,3 
167,227,3 
166,227,3 
166,226,2 
165,226,1 
164,226,4 
164,225,3 
164,224,1 
163,224,1 
162,224,1 
161,224,2 
161,223,2 
160,223,3 
160,222,2 
160,221,3 
160,220,5 
159,220,6 
159,219,1 
158,219,1 
158,218,1 
158,217,5 
158,216,3 
158,215,1 
158,214,1 
157,214,1 
157,213,3 
157,212,5 
157,211,3 
157,210,3 
157,209,2 
157,208,1 
157,207,2 
157,206,3 
157,205,1 
157,204,3 
156,204,1 
155,204,3 
155,203,4 
155,202,1 
154,202,3 
154,201,2 
154,200,1 
153,200,3 
153,199,2 
152,199,2 
152,198,2 
151,198,1 
151,197,4 
150,197,2 
149,197,2 
148,197,5 
147,197,7 
146,197,1 
145,197,3 
144,197,3 
143,197,1 
142,197,2 
141,197,2 
140,197,2 
139,197,2 
139,196,2 
138,196,2 
137,196,1 
137,195,2 
136,195,2 
136,194,2 
135,194,2 
135,193,1 
135,192,2 
135,191,3 
135,190,1 
135,189,2 
134,189,4 
134,188,2 
134,187,3 
134,186,1 
134,185,2 
134,184,2 
134,183,2 
134,182,7 
134,181,3 
134,180,1 
134,179,3 
134,178,2 
134,177,3 
133,177,2 
133,176,2 
132,176,1 
131,176,2 
131,175,2 
131,174,2 
130,174,1 
130,173,1 
130,172,2 
130,171,5 
130,170,3 
130,169,3 
130,168,1 
129,168,2 
128,168,2 
127,168,4 
126,168,2 
126,167,2 
126,166,3 
126,165,4 
126,164,1 
125,164,4 
124,164,5 
123,164,2 
123,163,1 
123,162,1 
122,162,2 
121,162,2 
120,162,2 
120,161,1 
119,161,2 
118,161,6 
117,161,2 
116,161,1 
115,161,2 
114,161,1 
113,161,1 
112,161,5 
112,160,4 
111,160,3 
110,160,1 
110,159,2 
110,158,4 
109,158,1 
108,158,2 
108,157,2 
108,156,2 
107,156,2 
106,156,7 
105,156,3 
104,156,3 
104,155,1 
104,154,3 
104,153,2 
104,152,1 
103,152,1 
102,152,3 
102,151,2 
101,151,3 
100,151,2 
99,151,2 
99,150,6 
99,149,1 
98,149,7 
97,149,1 
97,148,1 
97,147,2 
96,147,4 
95,147,2 
94,147,1 
93,147,1 
92,147,1 
92,146,2 
91,146,3 
90,146,1 
90,145,1 
89,145,1 
88,145,1 
88,144,2 
87,144,1 
87,143,3 
87,142,6 
87,141,3 
87,140,4 
87,139,1 
87,138,1 
87,137,2 
86,137,1 
85,137,1 
85,136,1 
85,135,2 
84,135,5 
83,135,2 
82,135,4 
82,134,1 
81,134,1 
80,134,1 
79,134,1 
78,134,2 
78,133,1 
77,133,1 
76,133,1 
75,133,1 
74,133,6 
73,133,1 
73,132,2 
72,132,5 
71,132,3 
70,132,1 
70,131,1 
70,130,1 
69,130,3 
68,130,1 
67,130,1 
67,129,1 
67,128,1 
67,127,1 
66,127,1 
65,127,7 
64,127,2 
64,126,2 
63,126,4 
62,126,2 
61,126,1 
61,125,1 
60,125,1 
59,125,3 
59,124,1 
59,123,1 
58,123,3 
58,122,1 
58,121,5 
58,120,1 
57,120,2 
57,119,1 
56,119,2 
55,119,4 
54,119,3 
53,119,1 
53,118,2 
52,118,1 
51,118,2 
51,117,1 
50,117,1 
49,117,4 
49,116,2 
49,115,1 
49,114,1 
48,114,1 
48,113,1 
48,112,1 
47,112,1 
47,111,1 
46,111,1 
45,111,2 
44,111,1 
43,111,4 
42,111,1 
41,111,3 
40,111,4 
40,112,1 
39,112,1 
38,112,2 
38,111,4 
37,111,3 
37,110,1 
36,110,1 
36,109,1 
36,108,1 
35,108,1 
35,107,1 
34,107,2 
33,107,2 
33,106,1 
32,106,2 
32,105,1 
32,104,2 
32,103,2 
32,102,2 
32,101,1 
31,101,1 
31,100,3 
31,99,1 
31,98,1 
32,98,3 
32,97,5 
32,96,2 
32,95,2 
32,94,4 
32,93,1 
32,92,4 
31,92,2 
31,91,6 
31,90,1 
31,89,1 
31,88,2 
31,87,2 
31,86,2 
31,85,3 
31,84,6 
31,83,1 
31,82,5 
30,82,9 
29,82,1 
29,81,2 
29,80,1 
28,80,2 
28,79,1 
28,78,2 
28,77,8 
28,76,4 
27,76,2 
27,75,1 
27,74,2 
27,73,6 
26,73,8 
26,72,3 
26,71,2 
25,71,1 
25,70,2 
25,69,4 
25,68,4 
25,67,4 
25,66,2 
25,65,1 
25,64,2 
24,64,3 
24,63,4 
24,62,4 
24,61,1 
24,60,8 
24,59,1 
23,59,2 
23,58,1 
23,57,5 
23,56,3 
22,56,2 
21,56,4 
20,56,2 
19,56,5 
19,55,1 
18,55,3 
17,55,1 
16,55,1 
15,55,2 
14,55,1 
14,54,1 
14,53,5 
14,52,1 
13,52,1 
12,52,8 
11,52,1 
10,52,1 
9,52,8 
8,52,2 
8,51,2 
8,50,1 
8,49,3 
7,49,2 
7,48,3 
6,48,4 
6,47,2 
6,46,1 
6,45,1 
6,44,1 
7,44,2 
7,43,5 
7,42,2 
7,41,2 
7,40,5 
7,39,1 
7,38,1 
7,37,4 
7,36,6 
7,35,9 
7,34,8 
7,33,3 
7,32,4 
7,31,1 
8,31,4 
8,30,1 
8,29,6 
8,28,3 
8,27,4 
8,26,9 
8,25,1 
8,24,1 
8,23,1 
9,23,4 
9,22,2 
9,21,2 
9,20,5 
9,19,1 
9,18,1 
9,17,7 
8,17,2 
8,16,1 
8,15,5 
8,14,1 
8,13,2 
8,12,8 
8,11,3 
8,10,5 
7,10,1 
7,9,4 
7,8,5 
6,8,7 
6,7,1 
6,6,1 
5,6,1 
5,5,3 
5,4,1 
5,3,7 
4,3,1 
3,3,1 
2,3,1 
2,2,2 
1,2,5 
1,1,8 
1,0,3 
0,0,6 
